state	query	url	title	snippet	pattern
Alabama	"white for life" dentistry Alabama	https://www.gentledentistrytampa.com/teeth-whitening/	Teeth Whitening Tampa FL - Opalescence Boost™ Teeth Whitening	Call and ask about our "White for Life" Program and our "Dental Savings Plan"! ... Alabama. She received her Fellowship at the Academy of General Dentistry ...	
Alabama	"white for life" dentistry Alabama	https://riverwestdentalid.com/services/	Services – Riverwest Dental	Brighten your smile for free when you join our "White For Life" program and attend your six month routine cleanings. ... Recursos Posteriores Al Tratamiento ...	
Alabama	"white for life" dentistry Alabama	https://westgatedentalcentre.com/the-science-behind-orthodontic-treatments-impact-on-your-airway/	How an Orthodontist Improves Airway Health	General Dentistry · Dental Fillings · Wisdom Teeth Extraction · Sleep Apnea Treatment · Implant Overdentures · Dental Implant Surgery · White for Life Program ...	
Alabama	"white for life" dentistry Alabama	https://blancone.eu/en/pro/new-professional-app/	New BlancOne PRO App | BlancOne®	... dental hygiene sessions) with periodic treatments and maintenance products, thus joining a beautiful and healthy smile maintenance programme. White For Life	
Alabama	"white for life" dentistry Alabama	https://app.acuityscheduling.com/schedule.php?owner=26881614	Schedule Appointment with Opal Gems Teeth Whitening	The goal is keeping your smile healthy, bright and white for life. If you ... We use dental grade bond for a l ... Show All. 2 Tooth Gems. $66.00. Book.	
Alabama	"white for life" dentistry Alabama	https://www.hartlandschools.us/documents/Community%20Life/2014-03.pdf	Superintendent's Message Person of the Month	Ask about our "White for Life" program. Serving your family dental ... Pressure is not al- ways a productive tool for some. Many people ...	
Alabama	"white for life" dentistry Alabama	https://www.quora.com/Would-you-choose-to-become-black-if-white-or-white-if-black	Would you choose to become black (if white) or white (if black ...	But if I were stuck being white for life I think I would be miserable. ... Al rather be fckng black, wait, I am black already! The stares ...	
Alabama	"white for life" dentistry Alabama	https://www.wjoud.com/doi/10.5005/jp-journals-10015-1494	An Overview of Extrinsic Tooth Bleaching and its Impact on Oral ...	dentistry, particularly, tooth bleaching to improve the esthetic ... at-home nor in-office can keep teeth white for life. There- fore, long-term ...	
Alabama	"white for life" dentistry Alabama	https://foothillsdentalid.com/services/	Everything You Could Ever Need From A Dentist - Our Services	Our White For Life program keeps your teeth bright like the heavens and ... Recursos Posteriores Al Tratamiento. Instrucciones Para Su Dentadura.	
Alaska	"white for life" dentistry Alaska	https://www.yelp.com/biz/house-family-dental-pueblo-west-3	HOUSE FAMILY DENTAL - Updated September 2025 - 318 Orchard ...	... Alaska that I was looking forward to. I cannot tell you how much I ... White for Life Digital X-Rays and Intraoral Cameras. History. Established in ...	
Alaska	"white for life" dentistry Alaska	https://www.slideserve.com/rangle/fritz-marinko-auto-research-center-llc	PPT - Fritz Marinko Auto Research Center LLC PowerPoint ...	Ask us about our " White For Life " program. The complete package ... Alaska make it crucial for you to keep your vehicle running at peak ...	
Alaska	"white for life" dentistry Alaska	https://www.collegeraptor.com/colleges/social-media/North-Carolina-State-University-at-Raleigh-NC--199193	Social Media Posts for North Carolina State University	... white for life! ??????? Learn more: ?? in bio #RedWhiteWeek #NCState ... Alaska; American Samoa; Arizona; Arkansas; Armed Forces (Americas); Armed Forces ...	
Alaska	"white for life" dentistry Alaska	https://www.tiktok.com/discover/arctic-army?lang=en	Arctic Army | TikTok	Photographs by Margaret Bourke-White for LIFE magazine famously show airmen ... Alaska, Alaska Airforce Army Mexico, Soldier Militar ReynaldodelToro.	
Alaska	"white for life" dentistry Alaska	https://www.erichoman.com/my-influences-music/	Artistic and Aesthetic Influences and Muses	... white for life. I was raised on law and order in a community of strife ... Alaska pipeline, many men were lost in the pipe. They went to fuelin' cars ...	
Alaska	"white for life" dentistry Alaska	https://is.muni.cz/th/ixih6/Glossary_of_Equestrian_Terms.pdf	Basic Equestrian Terminology	eyes, and remain white for life. The vast majority of so-called "white ... připojeny v kloubu ohbu (ramenním) a k hrudníku jsou připevněny jen ...	
Alaska	"white for life" dentistry Alaska	https://www.scribd.com/document/477901939/Docket-133	Docket 133 | PDF | Chapter 11 | Government	CARMA JEAN BESS WHITE FOR LIFE 865 WILSHIRE BLVD METAIRIE LA 70005. CARMAN ... JONES, GEORGIA COBBS 3414 ALASKA AVE DALLAS TX 75216. JONES, HELEN DAVIS ...	
Arizona	"white for life" dentistry Arizona	https://www.housefamilydental.com/about-us/team/location/1152	Dentist in Pueblo CO | House Family Dental | Our Team	FREE White for Life · Digital X-Rays and Intraoral Cameras · Gallery ... Andrea is an Arizona native living in Colorado for 6 years. She has been in ...	
Arizona	"white for life" dentistry Arizona	https://archive.org/download/kd9gx44q8471/kd9gx44q8471.pdf	Woman recalls double murder scene	•TMJ and nonsurgical gum treatment •Invisalign •Free White for Life Program. HASSLE-FREE. We want to make sure you get the dental care you need, when you need ...	
Arizona	"white for life" dentistry Arizona	https://weloveizzo.com/	We Love Izzo!	thank you Coach, for keeping your heart and spirit GREEN and WHITE for LIFE!!!!!!!!!! ... Arizona, I am surrounded by Spartans everywhere I go. My friends ...	
Arizona	"white for life" dentistry Arizona	http://www.bmx.co.jp/mt/01000/index.php?page=all	BMX通販ショップ「ワンダーランド」: ニュース	... Arizona," Rep. Ann Kirkpatrick, D-Ariz.,ツ?said. "These destinations bring ... White for Life magazine in the 1930sand 1940s provided a window on poverty.	
Arizona	"white for life" dentistry Arizona	http://dog-diamond.com/blog/column/20240811column/	ペットホテル パピーパーティ 犬の保育園(dog nursery)｜DOG ...	Austin Ekeler's return from an ankle injury will help goyard sale which reads Wei ein Leben lang translated to white for life ...	
Arkansas	"white for life" dentistry Arkansas	http://www.funeraria-alves.pt/necrologia/3420	Joaquim Ribeiro (Faustino) - Retaxo	The photographs ofDorothea Lange for the Farm Security Administration in the late1930s and Margaret Bourke-White for Life magazine in the ...	
Arkansas	"white for life" dentistry Arkansas	http://www.sexdium.online.fr/index.php?cat=2	l'annuaire de Sexdium.com	... White for Life magazine in the 1930sand 1940s provided a window on poverty. ... Arkansas' other advantages: Low business expenses and the inexpensive cost ...	
California	"white for life" dentistry California	https://www.happylittleteeth.net/orthodontic-treatment.html	Orthodontic Treatment | Happy Little Teeth Pediatric Dentistry in ...	... white for life. Our pediatric dentists are passionate about providing patients with the best possible dental care. That's why every board-certified ...	
California	"white for life" dentistry California	https://www.marconidentalgroup.com/4-signs-youre-flossing-wrong/	4 Signs You're Flossing Wrong - Marconi Dental Group	The relative dental health of adults in California is quite good. For ... Keeping Your Smile White for Life. August 12, 2015 July 18, 2022. If you've ...	
